PCODE;Weeks;Name;Population;Cases;Cumul_cases;IR_100000;CumulIR_100000
NG011001;1;Abakaliki;198100;0;0;0;0
NG011001;2;Abakaliki;198100;1;1;0,5;0,5
NG011001;3;Abakaliki;198100;0;1;0;0,5
NG011001;4;Abakaliki;198100;1;2;0,5;1,01
NG011001;5;Abakaliki;198100;0;2;0;1,01
NG011001;6;Abakaliki;198100;0;2;0;1,01
NG011001;7;Abakaliki;198100;0;2;0;1,01
NG011001;8;Abakaliki;198100;0;2;0;1,01
NG011001;9;Abakaliki;198100;0;2;0;1,01
NG011001;10;Abakaliki;198100;0;2;0;1,01
NG011001;11;Abakaliki;198100;0;2;0;1,01
NG011001;12;Abakaliki;198100;0;2;0;1,01
NG011001;13;Abakaliki;198100;0;2;0;1,01
NG011001;14;Abakaliki;198100;0;2;0;1,01
NG011001;15;Abakaliki;198100;0;2;0;1,01
NG011001;16;Abakaliki;198100;0;2;0;1,01
NG011001;17;Abakaliki;198100;0;2;0;1,01
NG011001;18;Abakaliki;198100;0;2;0;1,01
NG011001;19;Abakaliki;198100;0;2;0;1,01
NG011001;20;Abakaliki;198100;1;3;0,5;1,51
NG011001;21;Abakaliki;198100;0;3;0;1,51
NG011001;22;Abakaliki;198100;0;3;0;1,51
NG011001;23;Abakaliki;198100;0;3;0;1,51
NG011001;24;Abakaliki;198100;0;3;0;1,51
NG011001;25;Abakaliki;198100;0;3;0;1,51
NG011001;26;Abakaliki;198100;0;3;0;1,51
NG011001;27;Abakaliki;198100;0;3;0;1,51
NG011001;28;Abakaliki;198100;0;3;0;1,51
NG011001;29;Abakaliki;198100;0;3;0;1,51
NG011001;30;Abakaliki;198100;0;3;0;1,51
NG011001;31;Abakaliki;198100;0;3;0;1,51
NG011001;32;Abakaliki;198100;;3;0;1,51
NG011001;33;Abakaliki;198100;;3;0;1,51
NG011001;34;Abakaliki;198100;;3;0;1,51
NG011001;35;Abakaliki;198100;;3;0;1,51
NG011001;36;Abakaliki;198100;;3;0;1,51
NG011001;37;Abakaliki;198100;;3;0;1,51
NG011001;38;Abakaliki;198100;;3;0;1,51
NG011001;39;Abakaliki;198100;;3;0;1,51
NG011001;40;Abakaliki;198100;;3;0;1,51
NG011001;41;Abakaliki;198100;;3;0;1,51
NG011001;42;Abakaliki;198100;;3;0;1,51
NG011001;43;Abakaliki;198100;;3;0;1,51
NG011001;44;Abakaliki;198100;;3;0;1,51
NG011001;45;Abakaliki;198100;;3;0;1,51
NG011001;46;Abakaliki;198100;;3;0;1,51
NG011001;47;Abakaliki;198100;;3;0;1,51
NG011001;48;Abakaliki;198100;;3;0;1,51
NG011001;49;Abakaliki;198100;;3;0;1,51
NG011001;50;Abakaliki;198100;;3;0;1,51
NG011001;51;Abakaliki;198100;;3;0;1,51
NG011001;52;Abakaliki;198100;;3;0;1,51
NG011001;53;Abakaliki;198100;;3;0;1,51
NG011001;54;Abakaliki;198100;;3;0;1,51
NG011001;55;Abakaliki;198100;;3;0;1,51
NG011001;56;Abakaliki;198100;;3;0;1,51
NG011001;57;Abakaliki;198100;;3;0;1,51
NG011001;58;Abakaliki;198100;;3;0;1,51
NG011001;59;Abakaliki;198100;;3;0;1,51
NG011001;60;Abakaliki;198100;;3;0;1,51
NG011001;61;Abakaliki;198100;;3;0;1,51
NG011001;62;Abakaliki;198100;;3;0;1,51
NG011001;63;Abakaliki;198100;;3;0;1,51
NG011001;64;Abakaliki;198100;;3;0;1,51
NG011001;65;Abakaliki;198100;;3;0;1,51
NG011001;66;Abakaliki;198100;;3;0;1,51
NG011001;67;Abakaliki;198100;;3;0;1,51
NG011001;68;Abakaliki;198100;;3;0;1,51
NG011001;69;Abakaliki;198100;;3;0;1,51
NG011001;70;Abakaliki;198100;;3;0;1,51
NG011001;71;Abakaliki;198100;;3;0;1,51
NG011001;72;Abakaliki;198100;;3;0;1,51
NG011001;73;Abakaliki;198100;;3;0;1,51
NG011001;74;Abakaliki;198100;;3;0;1,51
NG011001;75;Abakaliki;198100;;3;0;1,51
NG011001;76;Abakaliki;198100;;3;0;1,51
NG011001;77;Abakaliki;198100;;3;0;1,51
NG011001;78;Abakaliki;198100;;3;0;1,51
NG011001;79;Abakaliki;198100;;3;0;1,51
NG011001;80;Abakaliki;198100;;3;0;1,51
NG011001;81;Abakaliki;198100;;3;0;1,51
NG011001;82;Abakaliki;198100;;3;0;1,51
NG011001;83;Abakaliki;198100;;3;0;1,51
NG011001;84;Abakaliki;198100;;3;0;1,51
NG011001;85;Abakaliki;198100;;3;0;1,51
NG011001;86;Abakaliki;198100;;3;0;1,51
NG011001;87;Abakaliki;198100;;3;0;1,51
NG011001;88;Abakaliki;198100;;3;0;1,51
NG011001;89;Abakaliki;198100;;3;0;1,51
NG011001;90;Abakaliki;198100;;3;0;1,51
NG011001;91;Abakaliki;198100;;3;0;1,51
NG011001;92;Abakaliki;198100;;3;0;1,51
NG011001;93;Abakaliki;198100;;3;0;1,51
NG011001;94;Abakaliki;198100;;3;0;1,51
NG011001;95;Abakaliki;198100;;3;0;1,51
NG011001;96;Abakaliki;198100;;3;0;1,51
NG011001;97;Abakaliki;198100;;3;0;1,51
NG011001;98;Abakaliki;198100;;3;0;1,51
NG011001;99;Abakaliki;198100;;3;0;1,51
NG011001;100;Abakaliki;198100;;3;0;1,51
NG011001;101;Abakaliki;198100;;3;0;1,51
NG011001;102;Abakaliki;198100;;3;0;1,51
NG011001;103;Abakaliki;198100;;3;0;1,51
NG011001;104;Abakaliki;198100;2;3;0;1,51
NG011002;1;Afikpo North;207300;0;0;0;0
NG011002;2;Afikpo North;207300;0;0;0;0
NG011002;3;Afikpo North;207300;0;0;0;0
NG011002;4;Afikpo North;207300;0;0;0;0
NG011002;5;Afikpo North;207300;0;0;0;0
NG011002;6;Afikpo North;207300;0;0;0;0
NG011002;7;Afikpo North;207300;0;0;0;0
NG011002;8;Afikpo North;207300;0;0;0;0
NG011002;9;Afikpo North;207300;0;0;0;0
NG011002;10;Afikpo North;207300;0;0;0;0
NG011002;11;Afikpo North;207300;0;0;0;0
NG011002;12;Afikpo North;207300;0;0;0;0
NG011002;13;Afikpo North;207300;0;0;0;0
NG011002;14;Afikpo North;207300;0;0;0;0
NG011002;15;Afikpo North;207300;0;0;0;0
NG011002;16;Afikpo North;207300;0;0;0;0
NG011002;17;Afikpo North;207300;0;0;0;0
NG011002;18;Afikpo North;207300;0;0;0;0
NG011002;19;Afikpo North;207300;0;0;0;0
NG011002;20;Afikpo North;207300;0;0;0;0
NG011002;21;Afikpo North;207300;0;0;0;0
NG011002;22;Afikpo North;207300;0;0;0;0
NG011002;23;Afikpo North;207300;0;0;0;0
NG011002;24;Afikpo North;207300;0;0;0;0
NG011002;25;Afikpo North;207300;0;0;0;0
NG011002;26;Afikpo North;207300;0;0;0;0
NG011002;27;Afikpo North;207300;0;0;0;0
NG011002;28;Afikpo North;207300;0;0;0;0
NG011002;29;Afikpo North;207300;0;0;0;0
NG011002;30;Afikpo North;207300;0;0;0;0
NG011002;31;Afikpo North;207300;0;0;0;0
NG011002;32;Afikpo North;207300;;0;0;0
NG011002;33;Afikpo North;207300;;0;0;0
NG011002;34;Afikpo North;207300;;0;0;0
NG011002;35;Afikpo North;207300;;0;0;0
NG011002;36;Afikpo North;207300;;0;0;0
NG011002;37;Afikpo North;207300;;0;0;0
NG011002;38;Afikpo North;207300;;0;0;0
NG011002;39;Afikpo North;207300;;0;0;0
NG011002;40;Afikpo North;207300;;0;0;0
NG011002;41;Afikpo North;207300;;0;0;0
NG011002;42;Afikpo North;207300;;0;0;0
NG011002;43;Afikpo North;207300;;0;0;0
NG011002;44;Afikpo North;207300;;0;0;0
NG011002;45;Afikpo North;207300;;0;0;0
NG011002;46;Afikpo North;207300;;0;0;0
NG011002;47;Afikpo North;207300;;0;0;0
NG011002;48;Afikpo North;207300;;0;0;0
NG011002;49;Afikpo North;207300;;0;0;0
NG011002;50;Afikpo North;207300;;0;0;0
NG011002;51;Afikpo North;207300;;0;0;0
NG011002;52;Afikpo North;207300;;0;0;0
NG011002;53;Afikpo North;207300;;0;0;0
NG011002;54;Afikpo North;207300;;0;0;0
NG011002;55;Afikpo North;207300;;0;0;0
NG011002;56;Afikpo North;207300;;0;0;0
NG011002;57;Afikpo North;207300;;0;0;0
NG011002;58;Afikpo North;207300;;0;0;0
NG011002;59;Afikpo North;207300;;0;0;0
NG011002;60;Afikpo North;207300;;0;0;0
NG011002;61;Afikpo North;207300;;0;0;0
NG011002;62;Afikpo North;207300;;0;0;0
NG011002;63;Afikpo North;207300;;0;0;0
NG011002;64;Afikpo North;207300;;0;0;0
NG011002;65;Afikpo North;207300;;0;0;0
NG011002;66;Afikpo North;207300;;0;0;0
NG011002;67;Afikpo North;207300;;0;0;0
NG011002;68;Afikpo North;207300;;0;0;0
NG011002;69;Afikpo North;207300;;0;0;0
NG011002;70;Afikpo North;207300;;0;0;0
NG011002;71;Afikpo North;207300;;0;0;0
NG011002;72;Afikpo North;207300;;0;0;0
NG011002;73;Afikpo North;207300;;0;0;0
NG011002;74;Afikpo North;207300;;0;0;0
NG011002;75;Afikpo North;207300;;0;0;0
NG011002;76;Afikpo North;207300;;0;0;0
NG011002;77;Afikpo North;207300;;0;0;0
NG011002;78;Afikpo North;207300;;0;0;0
NG011002;79;Afikpo North;207300;;0;0;0
NG011002;80;Afikpo North;207300;;0;0;0
NG011002;81;Afikpo North;207300;;0;0;0
NG011002;82;Afikpo North;207300;;0;0;0
NG011002;83;Afikpo North;207300;;0;0;0
NG011002;84;Afikpo North;207300;;0;0;0
NG011002;85;Afikpo North;207300;;0;0;0
NG011002;86;Afikpo North;207300;;0;0;0
NG011002;87;Afikpo North;207300;;0;0;0
NG011002;88;Afikpo North;207300;;0;0;0
NG011002;89;Afikpo North;207300;;0;0;0
NG011002;90;Afikpo North;207300;;0;0;0
NG011002;91;Afikpo North;207300;;0;0;0
NG011002;92;Afikpo North;207300;;0;0;0
NG011002;93;Afikpo North;207300;;0;0;0
NG011002;94;Afikpo North;207300;;0;0;0
NG011002;95;Afikpo North;207300;;0;0;0
NG011002;96;Afikpo North;207300;;0;0;0
NG011002;97;Afikpo North;207300;;0;0;0
NG011002;98;Afikpo North;207300;;0;0;0
NG011002;99;Afikpo North;207300;;0;0;0
NG011002;100;Afikpo North;207300;;0;0;0
NG011002;101;Afikpo North;207300;;0;0;0
NG011002;102;Afikpo North;207300;;0;0;0
NG011002;103;Afikpo North;207300;;0;0;0
NG011002;104;Afikpo North;207300;;0;0;0
NG011003;1;Afikpo South;208400;0;0;0;0
NG011003;2;Afikpo South;208400;0;0;0;0
NG011003;3;Afikpo South;208400;0;0;0;0
NG011003;4;Afikpo South;208400;0;0;0;0
NG011003;5;Afikpo South;208400;0;0;0;0
NG011003;6;Afikpo South;208400;0;0;0;0
NG011003;7;Afikpo South;208400;0;0;0;0
NG011003;8;Afikpo South;208400;0;0;0;0
NG011003;9;Afikpo South;208400;0;0;0;0
NG011003;10;Afikpo South;208400;0;0;0;0
NG011003;11;Afikpo South;208400;0;0;0;0
NG011003;12;Afikpo South;208400;0;0;0;0
NG011003;13;Afikpo South;208400;0;0;0;0
NG011003;14;Afikpo South;208400;0;0;0;0
NG011003;15;Afikpo South;208400;0;0;0;0
NG011003;16;Afikpo South;208400;0;0;0;0
NG011003;17;Afikpo South;208400;0;0;0;0
NG011003;18;Afikpo South;208400;0;0;0;0
NG011003;19;Afikpo South;208400;0;0;0;0
NG011003;20;Afikpo South;208400;0;0;0;0
NG011003;21;Afikpo South;208400;0;0;0;0
NG011003;22;Afikpo South;208400;0;0;0;0
NG011003;23;Afikpo South;208400;0;0;0;0
NG011003;24;Afikpo South;208400;0;0;0;0
NG011003;25;Afikpo South;208400;0;0;0;0
NG011003;26;Afikpo South;208400;0;0;0;0
NG011003;27;Afikpo South;208400;0;0;0;0
NG011003;28;Afikpo South;208400;0;0;0;0
NG011003;29;Afikpo South;208400;0;0;0;0
NG011003;30;Afikpo South;208400;0;0;0;0
NG011003;31;Afikpo South;208400;0;0;0;0
NG011003;32;Afikpo South;208400;;0;0;0
NG011003;33;Afikpo South;208400;;0;0;0
NG011003;34;Afikpo South;208400;;0;0;0
NG011003;35;Afikpo South;208400;;0;0;0
NG011003;36;Afikpo South;208400;;0;0;0
NG011003;37;Afikpo South;208400;;0;0;0
NG011003;38;Afikpo South;208400;;0;0;0
NG011003;39;Afikpo South;208400;;0;0;0
NG011003;40;Afikpo South;208400;;0;0;0
NG011003;41;Afikpo South;208400;;0;0;0
NG011003;42;Afikpo South;208400;;0;0;0
NG011003;43;Afikpo South;208400;;0;0;0
NG011003;44;Afikpo South;208400;;0;0;0
NG011003;45;Afikpo South;208400;;0;0;0
NG011003;46;Afikpo South;208400;;0;0;0
NG011003;47;Afikpo South;208400;;0;0;0
NG011003;48;Afikpo South;208400;;0;0;0
NG011003;49;Afikpo South;208400;;0;0;0
NG011003;50;Afikpo South;208400;;0;0;0
NG011003;51;Afikpo South;208400;;0;0;0
NG011003;52;Afikpo South;208400;;0;0;0
NG011003;53;Afikpo South;208400;;0;0;0
NG011003;54;Afikpo South;208400;;0;0;0
NG011003;55;Afikpo South;208400;;0;0;0
NG011003;56;Afikpo South;208400;;0;0;0
NG011003;57;Afikpo South;208400;;0;0;0
NG011003;58;Afikpo South;208400;;0;0;0
NG011003;59;Afikpo South;208400;;0;0;0
NG011003;60;Afikpo South;208400;;0;0;0
NG011003;61;Afikpo South;208400;;0;0;0
NG011003;62;Afikpo South;208400;;0;0;0
NG011003;63;Afikpo South;208400;;0;0;0
NG011003;64;Afikpo South;208400;;0;0;0
NG011003;65;Afikpo South;208400;;0;0;0
NG011003;66;Afikpo South;208400;;0;0;0
NG011003;67;Afikpo South;208400;;0;0;0
NG011003;68;Afikpo South;208400;;0;0;0
NG011003;69;Afikpo South;208400;;0;0;0
NG011003;70;Afikpo South;208400;;0;0;0
NG011003;71;Afikpo South;208400;;0;0;0
NG011003;72;Afikpo South;208400;;0;0;0
NG011003;73;Afikpo South;208400;;0;0;0
NG011003;74;Afikpo South;208400;;0;0;0
NG011003;75;Afikpo South;208400;;0;0;0
NG011003;76;Afikpo South;208400;;0;0;0
NG011003;77;Afikpo South;208400;;0;0;0
NG011003;78;Afikpo South;208400;;0;0;0
NG011003;79;Afikpo South;208400;;0;0;0
NG011003;80;Afikpo South;208400;;0;0;0
NG011003;81;Afikpo South;208400;;0;0;0
NG011003;82;Afikpo South;208400;;0;0;0
NG011003;83;Afikpo South;208400;;0;0;0
NG011003;84;Afikpo South;208400;;0;0;0
NG011003;85;Afikpo South;208400;;0;0;0
NG011003;86;Afikpo South;208400;;0;0;0
NG011003;87;Afikpo South;208400;;0;0;0
NG011003;88;Afikpo South;208400;;0;0;0
NG011003;89;Afikpo South;208400;;0;0;0
NG011003;90;Afikpo South;208400;;0;0;0
NG011003;91;Afikpo South;208400;;0;0;0
NG011003;92;Afikpo South;208400;;0;0;0
NG011003;93;Afikpo South;208400;;0;0;0
NG011003;94;Afikpo South;208400;;0;0;0
NG011003;95;Afikpo South;208400;;0;0;0
NG011003;96;Afikpo South;208400;;0;0;0
NG011003;97;Afikpo South;208400;;0;0;0
NG011003;98;Afikpo South;208400;;0;0;0
NG011003;99;Afikpo South;208400;;0;0;0
NG011003;100;Afikpo South;208400;;0;0;0
NG011003;101;Afikpo South;208400;;0;0;0
NG011003;102;Afikpo South;208400;;0;0;0
NG011003;103;Afikpo South;208400;;0;0;0
NG011003;104;Afikpo South;208400;;0;0;0
NG011004;1;Ebonyi;168300;0;0;0;0
NG011004;2;Ebonyi;168300;0;0;0;0
NG011004;3;Ebonyi;168300;0;0;0;0
NG011004;4;Ebonyi;168300;0;0;0;0
NG011004;5;Ebonyi;168300;0;0;0;0
NG011004;6;Ebonyi;168300;0;0;0;0
NG011004;7;Ebonyi;168300;0;0;0;0
NG011004;8;Ebonyi;168300;0;0;0;0
NG011004;9;Ebonyi;168300;0;0;0;0
NG011004;10;Ebonyi;168300;0;0;0;0
NG011004;11;Ebonyi;168300;0;0;0;0
NG011004;12;Ebonyi;168300;0;0;0;0
NG011004;13;Ebonyi;168300;0;0;0;0
NG011004;14;Ebonyi;168300;0;0;0;0
NG011004;15;Ebonyi;168300;0;0;0;0
NG011004;16;Ebonyi;168300;0;0;0;0
NG011004;17;Ebonyi;168300;0;0;0;0
NG011004;18;Ebonyi;168300;0;0;0;0
NG011004;19;Ebonyi;168300;0;0;0;0
NG011004;20;Ebonyi;168300;0;0;0;0
NG011004;21;Ebonyi;168300;0;0;0;0
NG011004;22;Ebonyi;168300;0;0;0;0
NG011004;23;Ebonyi;168300;0;0;0;0
NG011004;24;Ebonyi;168300;0;0;0;0
NG011004;25;Ebonyi;168300;0;0;0;0
NG011004;26;Ebonyi;168300;0;0;0;0
NG011004;27;Ebonyi;168300;0;0;0;0
NG011004;28;Ebonyi;168300;0;0;0;0
NG011004;29;Ebonyi;168300;0;0;0;0
NG011004;30;Ebonyi;168300;0;0;0;0
NG011004;31;Ebonyi;168300;0;0;0;0
NG011004;32;Ebonyi;168300;;0;0;0
NG011004;33;Ebonyi;168300;;0;0;0
NG011004;34;Ebonyi;168300;;0;0;0
NG011004;35;Ebonyi;168300;;0;0;0
NG011004;36;Ebonyi;168300;;0;0;0
NG011004;37;Ebonyi;168300;;0;0;0
NG011004;38;Ebonyi;168300;;0;0;0
NG011004;39;Ebonyi;168300;;0;0;0
NG011004;40;Ebonyi;168300;;0;0;0
NG011004;41;Ebonyi;168300;;0;0;0
NG011004;42;Ebonyi;168300;;0;0;0
NG011004;43;Ebonyi;168300;;0;0;0
NG011004;44;Ebonyi;168300;;0;0;0
NG011004;45;Ebonyi;168300;;0;0;0
NG011004;46;Ebonyi;168300;;0;0;0
NG011004;47;Ebonyi;168300;;0;0;0
NG011004;48;Ebonyi;168300;;0;0;0
NG011004;49;Ebonyi;168300;;0;0;0
NG011004;50;Ebonyi;168300;;0;0;0
NG011004;51;Ebonyi;168300;;0;0;0
NG011004;52;Ebonyi;168300;;0;0;0
NG011004;53;Ebonyi;168300;;0;0;0
NG011004;54;Ebonyi;168300;;0;0;0
NG011004;55;Ebonyi;168300;;0;0;0
NG011004;56;Ebonyi;168300;;0;0;0
NG011004;57;Ebonyi;168300;;0;0;0
NG011004;58;Ebonyi;168300;;0;0;0
NG011004;59;Ebonyi;168300;;0;0;0
NG011004;60;Ebonyi;168300;;0;0;0
NG011004;61;Ebonyi;168300;;0;0;0
NG011004;62;Ebonyi;168300;;0;0;0
NG011004;63;Ebonyi;168300;;0;0;0
NG011004;64;Ebonyi;168300;;0;0;0
NG011004;65;Ebonyi;168300;;0;0;0
NG011004;66;Ebonyi;168300;;0;0;0
NG011004;67;Ebonyi;168300;;0;0;0
NG011004;68;Ebonyi;168300;;0;0;0
NG011004;69;Ebonyi;168300;;0;0;0
NG011004;70;Ebonyi;168300;;0;0;0
NG011004;71;Ebonyi;168300;;0;0;0
NG011004;72;Ebonyi;168300;;0;0;0
NG011004;73;Ebonyi;168300;;0;0;0
NG011004;74;Ebonyi;168300;;0;0;0
NG011004;75;Ebonyi;168300;;0;0;0
NG011004;76;Ebonyi;168300;;0;0;0
NG011004;77;Ebonyi;168300;;0;0;0
NG011004;78;Ebonyi;168300;;0;0;0
NG011004;79;Ebonyi;168300;;0;0;0
NG011004;80;Ebonyi;168300;;0;0;0
NG011004;81;Ebonyi;168300;;0;0;0
NG011004;82;Ebonyi;168300;;0;0;0
NG011004;83;Ebonyi;168300;;0;0;0
NG011004;84;Ebonyi;168300;;0;0;0
NG011004;85;Ebonyi;168300;;0;0;0
NG011004;86;Ebonyi;168300;;0;0;0
NG011004;87;Ebonyi;168300;;0;0;0
NG011004;88;Ebonyi;168300;;0;0;0
NG011004;89;Ebonyi;168300;;0;0;0
NG011004;90;Ebonyi;168300;;0;0;0
NG011004;91;Ebonyi;168300;;0;0;0
NG011004;92;Ebonyi;168300;;0;0;0
NG011004;93;Ebonyi;168300;;0;0;0
NG011004;94;Ebonyi;168300;;0;0;0
NG011004;95;Ebonyi;168300;;0;0;0
NG011004;96;Ebonyi;168300;;0;0;0
NG011004;97;Ebonyi;168300;;0;0;0
NG011004;98;Ebonyi;168300;;0;0;0
NG011004;99;Ebonyi;168300;;0;0;0
NG011004;100;Ebonyi;168300;;0;0;0
NG011004;101;Ebonyi;168300;;0;0;0
NG011004;102;Ebonyi;168300;;0;0;0
NG011004;103;Ebonyi;168300;;0;0;0
NG011004;104;Ebonyi;168300;;0;0;0
NG011005;1;Ezza North;193400;0;0;0;0
NG011005;2;Ezza North;193400;0;0;0;0
NG011005;3;Ezza North;193400;0;0;0;0
NG011005;4;Ezza North;193400;0;0;0;0
NG011005;5;Ezza North;193400;0;0;0;0
NG011005;6;Ezza North;193400;0;0;0;0
NG011005;7;Ezza North;193400;0;0;0;0
NG011005;8;Ezza North;193400;0;0;0;0
NG011005;9;Ezza North;193400;0;0;0;0
NG011005;10;Ezza North;193400;0;0;0;0
NG011005;11;Ezza North;193400;0;0;0;0
NG011005;12;Ezza North;193400;0;0;0;0
NG011005;13;Ezza North;193400;0;0;0;0
NG011005;14;Ezza North;193400;0;0;0;0
NG011005;15;Ezza North;193400;0;0;0;0
NG011005;16;Ezza North;193400;0;0;0;0
NG011005;17;Ezza North;193400;0;0;0;0
NG011005;18;Ezza North;193400;0;0;0;0
NG011005;19;Ezza North;193400;0;0;0;0
NG011005;20;Ezza North;193400;0;0;0;0
NG011005;21;Ezza North;193400;0;0;0;0
NG011005;22;Ezza North;193400;0;0;0;0
NG011005;23;Ezza North;193400;0;0;0;0
NG011005;24;Ezza North;193400;0;0;0;0
NG011005;25;Ezza North;193400;0;0;0;0
NG011005;26;Ezza North;193400;0;0;0;0
NG011005;27;Ezza North;193400;0;0;0;0
NG011005;28;Ezza North;193400;0;0;0;0
NG011005;29;Ezza North;193400;0;0;0;0
NG011005;30;Ezza North;193400;0;0;0;0
NG011005;31;Ezza North;193400;0;0;0;0
NG011005;32;Ezza North;193400;;0;0;0
NG011005;33;Ezza North;193400;;0;0;0
NG011005;34;Ezza North;193400;;0;0;0
NG011005;35;Ezza North;193400;;0;0;0
NG011005;36;Ezza North;193400;;0;0;0
NG011005;37;Ezza North;193400;;0;0;0
NG011005;38;Ezza North;193400;;0;0;0
NG011005;39;Ezza North;193400;;0;0;0
NG011005;40;Ezza North;193400;;0;0;0
NG011005;41;Ezza North;193400;;0;0;0
NG011005;42;Ezza North;193400;;0;0;0
NG011005;43;Ezza North;193400;;0;0;0
NG011005;44;Ezza North;193400;;0;0;0
NG011005;45;Ezza North;193400;;0;0;0
NG011005;46;Ezza North;193400;;0;0;0
NG011005;47;Ezza North;193400;;0;0;0
NG011005;48;Ezza North;193400;;0;0;0
NG011005;49;Ezza North;193400;;0;0;0
NG011005;50;Ezza North;193400;;0;0;0
NG011005;51;Ezza North;193400;;0;0;0
NG011005;52;Ezza North;193400;;0;0;0
NG011005;53;Ezza North;193400;;0;0;0
NG011005;54;Ezza North;193400;;0;0;0
NG011005;55;Ezza North;193400;;0;0;0
NG011005;56;Ezza North;193400;;0;0;0
NG011005;57;Ezza North;193400;;0;0;0
NG011005;58;Ezza North;193400;;0;0;0
NG011005;59;Ezza North;193400;;0;0;0
NG011005;60;Ezza North;193400;;0;0;0
NG011005;61;Ezza North;193400;;0;0;0
NG011005;62;Ezza North;193400;;0;0;0
NG011005;63;Ezza North;193400;;0;0;0
NG011005;64;Ezza North;193400;;0;0;0
NG011005;65;Ezza North;193400;;0;0;0
NG011005;66;Ezza North;193400;;0;0;0
NG011005;67;Ezza North;193400;;0;0;0
NG011005;68;Ezza North;193400;;0;0;0
NG011005;69;Ezza North;193400;;0;0;0
NG011005;70;Ezza North;193400;;0;0;0
NG011005;71;Ezza North;193400;;0;0;0
NG011005;72;Ezza North;193400;;0;0;0
NG011005;73;Ezza North;193400;;0;0;0
NG011005;74;Ezza North;193400;;0;0;0
NG011005;75;Ezza North;193400;;0;0;0
NG011005;76;Ezza North;193400;;0;0;0
NG011005;77;Ezza North;193400;;0;0;0
NG011005;78;Ezza North;193400;;0;0;0
NG011005;79;Ezza North;193400;;0;0;0
NG011005;80;Ezza North;193400;;0;0;0
NG011005;81;Ezza North;193400;;0;0;0
NG011005;82;Ezza North;193400;;0;0;0
NG011005;83;Ezza North;193400;;0;0;0
NG011005;84;Ezza North;193400;;0;0;0
NG011005;85;Ezza North;193400;;0;0;0
NG011005;86;Ezza North;193400;;0;0;0
NG011005;87;Ezza North;193400;;0;0;0
NG011005;88;Ezza North;193400;;0;0;0
NG011005;89;Ezza North;193400;;0;0;0
NG011005;90;Ezza North;193400;;0;0;0
NG011005;91;Ezza North;193400;;0;0;0
NG011005;92;Ezza North;193400;;0;0;0
NG011005;93;Ezza North;193400;;0;0;0
NG011005;94;Ezza North;193400;;0;0;0
NG011005;95;Ezza North;193400;;0;0;0
NG011005;96;Ezza North;193400;;0;0;0
NG011005;97;Ezza North;193400;;0;0;0
NG011005;98;Ezza North;193400;;0;0;0
NG011005;99;Ezza North;193400;;0;0;0
NG011005;100;Ezza North;193400;;0;0;0
NG011005;101;Ezza North;193400;;0;0;0
NG011005;102;Ezza North;193400;;0;0;0
NG011005;103;Ezza North;193400;;0;0;0
NG011005;104;Ezza North;193400;;0;0;0
NG011006;1;Ezza South;176800;0;0;0;0
NG011006;2;Ezza South;176800;0;0;0;0
NG011006;3;Ezza South;176800;0;0;0;0
NG011006;4;Ezza South;176800;0;0;0;0
NG011006;5;Ezza South;176800;0;0;0;0
NG011006;6;Ezza South;176800;0;0;0;0
NG011006;7;Ezza South;176800;0;0;0;0
NG011006;8;Ezza South;176800;0;0;0;0
NG011006;9;Ezza South;176800;0;0;0;0
NG011006;10;Ezza South;176800;0;0;0;0
NG011006;11;Ezza South;176800;0;0;0;0
NG011006;12;Ezza South;176800;0;0;0;0
NG011006;13;Ezza South;176800;0;0;0;0
NG011006;14;Ezza South;176800;0;0;0;0
NG011006;15;Ezza South;176800;0;0;0;0
NG011006;16;Ezza South;176800;0;0;0;0
NG011006;17;Ezza South;176800;0;0;0;0
NG011006;18;Ezza South;176800;0;0;0;0
NG011006;19;Ezza South;176800;0;0;0;0
NG011006;20;Ezza South;176800;0;0;0;0
NG011006;21;Ezza South;176800;0;0;0;0
NG011006;22;Ezza South;176800;0;0;0;0
NG011006;23;Ezza South;176800;0;0;0;0
NG011006;24;Ezza South;176800;0;0;0;0
NG011006;25;Ezza South;176800;0;0;0;0
NG011006;26;Ezza South;176800;0;0;0;0
NG011006;27;Ezza South;176800;0;0;0;0
NG011006;28;Ezza South;176800;0;0;0;0
NG011006;29;Ezza South;176800;0;0;0;0
NG011006;30;Ezza South;176800;0;0;0;0
NG011006;31;Ezza South;176800;0;0;0;0
NG011006;32;Ezza South;176800;;0;0;0
NG011006;33;Ezza South;176800;;0;0;0
NG011006;34;Ezza South;176800;;0;0;0
NG011006;35;Ezza South;176800;;0;0;0
NG011006;36;Ezza South;176800;;0;0;0
NG011006;37;Ezza South;176800;;0;0;0
NG011006;38;Ezza South;176800;;0;0;0
NG011006;39;Ezza South;176800;;0;0;0
NG011006;40;Ezza South;176800;;0;0;0
NG011006;41;Ezza South;176800;;0;0;0
NG011006;42;Ezza South;176800;;0;0;0
NG011006;43;Ezza South;176800;;0;0;0
NG011006;44;Ezza South;176800;;0;0;0
NG011006;45;Ezza South;176800;;0;0;0
NG011006;46;Ezza South;176800;;0;0;0
NG011006;47;Ezza South;176800;;0;0;0
NG011006;48;Ezza South;176800;;0;0;0
NG011006;49;Ezza South;176800;;0;0;0
NG011006;50;Ezza South;176800;;0;0;0
NG011006;51;Ezza South;176800;;0;0;0
NG011006;52;Ezza South;176800;;0;0;0
NG011006;53;Ezza South;176800;;0;0;0
NG011006;54;Ezza South;176800;;0;0;0
NG011006;55;Ezza South;176800;;0;0;0
NG011006;56;Ezza South;176800;;0;0;0
NG011006;57;Ezza South;176800;;0;0;0
NG011006;58;Ezza South;176800;;0;0;0
NG011006;59;Ezza South;176800;;0;0;0
NG011006;60;Ezza South;176800;;0;0;0
NG011006;61;Ezza South;176800;;0;0;0
NG011006;62;Ezza South;176800;;0;0;0
NG011006;63;Ezza South;176800;;0;0;0
NG011006;64;Ezza South;176800;;0;0;0
NG011006;65;Ezza South;176800;;0;0;0
NG011006;66;Ezza South;176800;;0;0;0
NG011006;67;Ezza South;176800;;0;0;0
NG011006;68;Ezza South;176800;;0;0;0
NG011006;69;Ezza South;176800;;0;0;0
NG011006;70;Ezza South;176800;;0;0;0
NG011006;71;Ezza South;176800;;0;0;0
NG011006;72;Ezza South;176800;;0;0;0
NG011006;73;Ezza South;176800;;0;0;0
NG011006;74;Ezza South;176800;;0;0;0
NG011006;75;Ezza South;176800;;0;0;0
NG011006;76;Ezza South;176800;;0;0;0
NG011006;77;Ezza South;176800;;0;0;0
NG011006;78;Ezza South;176800;;0;0;0
NG011006;79;Ezza South;176800;;0;0;0
NG011006;80;Ezza South;176800;;0;0;0
NG011006;81;Ezza South;176800;;0;0;0
NG011006;82;Ezza South;176800;;0;0;0
NG011006;83;Ezza South;176800;;0;0;0
NG011006;84;Ezza South;176800;;0;0;0
NG011006;85;Ezza South;176800;;0;0;0
NG011006;86;Ezza South;176800;;0;0;0
NG011006;87;Ezza South;176800;;0;0;0
NG011006;88;Ezza South;176800;;0;0;0
NG011006;89;Ezza South;176800;;0;0;0
NG011006;90;Ezza South;176800;;0;0;0
NG011006;91;Ezza South;176800;;0;0;0
NG011006;92;Ezza South;176800;;0;0;0
NG011006;93;Ezza South;176800;;0;0;0
NG011006;94;Ezza South;176800;;0;0;0
NG011006;95;Ezza South;176800;;0;0;0
NG011006;96;Ezza South;176800;;0;0;0
NG011006;97;Ezza South;176800;;0;0;0
NG011006;98;Ezza South;176800;;0;0;0
NG011006;99;Ezza South;176800;;0;0;0
NG011006;100;Ezza South;176800;;0;0;0
NG011006;101;Ezza South;176800;;0;0;0
NG011006;102;Ezza South;176800;;0;0;0
NG011006;103;Ezza South;176800;;0;0;0
NG011006;104;Ezza South;176800;;0;0;0
NG011007;1;Ikwo;284400;0;0;0;0
NG011007;2;Ikwo;284400;0;0;0;0
NG011007;3;Ikwo;284400;0;0;0;0
NG011007;4;Ikwo;284400;1;1;0,35;0,35
NG011007;5;Ikwo;284400;0;1;0;0,35
NG011007;6;Ikwo;284400;0;1;0;0,35
NG011007;7;Ikwo;284400;0;1;0;0,35
NG011007;8;Ikwo;284400;0;1;0;0,35
NG011007;9;Ikwo;284400;0;1;0;0,35
NG011007;10;Ikwo;284400;0;1;0;0,35
NG011007;11;Ikwo;284400;0;1;0;0,35
NG011007;12;Ikwo;284400;0;1;0;0,35
NG011007;13;Ikwo;284400;0;1;0;0,35
NG011007;14;Ikwo;284400;0;1;0;0,35
NG011007;15;Ikwo;284400;0;1;0;0,35
NG011007;16;Ikwo;284400;0;1;0;0,35
NG011007;17;Ikwo;284400;0;1;0;0,35
NG011007;18;Ikwo;284400;1;2;0,35;0,7
NG011007;19;Ikwo;284400;0;2;0;0,7
NG011007;20;Ikwo;284400;0;2;0;0,7
NG011007;21;Ikwo;284400;0;2;0;0,7
NG011007;22;Ikwo;284400;0;2;0;0,7
NG011007;23;Ikwo;284400;0;2;0;0,7
NG011007;24;Ikwo;284400;0;2;0;0,7
NG011007;25;Ikwo;284400;0;2;0;0,7
NG011007;26;Ikwo;284400;0;2;0;0,7
NG011007;27;Ikwo;284400;0;2;0;0,7
NG011007;28;Ikwo;284400;0;2;0;0,7
NG011007;29;Ikwo;284400;0;2;0;0,7
NG011007;30;Ikwo;284400;0;2;0;0,7
NG011007;31;Ikwo;284400;0;2;0;0,7
NG011007;32;Ikwo;284400;;2;0;0,7
NG011007;33;Ikwo;284400;;2;0;0,7
NG011007;34;Ikwo;284400;;2;0;0,7
NG011007;35;Ikwo;284400;;2;0;0,7
NG011007;36;Ikwo;284400;;2;0;0,7
NG011007;37;Ikwo;284400;;2;0;0,7
NG011007;38;Ikwo;284400;;2;0;0,7
NG011007;39;Ikwo;284400;;2;0;0,7
NG011007;40;Ikwo;284400;;2;0;0,7
NG011007;41;Ikwo;284400;;2;0;0,7
NG011007;42;Ikwo;284400;;2;0;0,7
NG011007;43;Ikwo;284400;;2;0;0,7
NG011007;44;Ikwo;284400;;2;0;0,7
NG011007;45;Ikwo;284400;;2;0;0,7
NG011007;46;Ikwo;284400;;2;0;0,7
NG011007;47;Ikwo;284400;;2;0;0,7
NG011007;48;Ikwo;284400;;2;0;0,7
NG011007;49;Ikwo;284400;;2;0;0,7
NG011007;50;Ikwo;284400;;2;0;0,7
NG011007;51;Ikwo;284400;;2;0;0,7
NG011007;52;Ikwo;284400;;2;0;0,7
NG011007;53;Ikwo;284400;;2;0;0,7
NG011007;54;Ikwo;284400;;2;0;0,7
NG011007;55;Ikwo;284400;;2;0;0,7
NG011007;56;Ikwo;284400;;2;0;0,7
NG011007;57;Ikwo;284400;;2;0;0,7
NG011007;58;Ikwo;284400;;2;0;0,7
NG011007;59;Ikwo;284400;;2;0;0,7
NG011007;60;Ikwo;284400;;2;0;0,7
NG011007;61;Ikwo;284400;;2;0;0,7
NG011007;62;Ikwo;284400;;2;0;0,7
NG011007;63;Ikwo;284400;;2;0;0,7
NG011007;64;Ikwo;284400;;2;0;0,7
NG011007;65;Ikwo;284400;;2;0;0,7
NG011007;66;Ikwo;284400;;2;0;0,7
NG011007;67;Ikwo;284400;;2;0;0,7
NG011007;68;Ikwo;284400;;2;0;0,7
NG011007;69;Ikwo;284400;;2;0;0,7
NG011007;70;Ikwo;284400;;2;0;0,7
NG011007;71;Ikwo;284400;;2;0;0,7
NG011007;72;Ikwo;284400;;2;0;0,7
NG011007;73;Ikwo;284400;;2;0;0,7
NG011007;74;Ikwo;284400;;2;0;0,7
NG011007;75;Ikwo;284400;;2;0;0,7
NG011007;76;Ikwo;284400;;2;0;0,7
NG011007;77;Ikwo;284400;;2;0;0,7
NG011007;78;Ikwo;284400;;2;0;0,7
NG011007;79;Ikwo;284400;;2;0;0,7
NG011007;80;Ikwo;284400;;2;0;0,7
NG011007;81;Ikwo;284400;;2;0;0,7
NG011007;82;Ikwo;284400;;2;0;0,7
NG011007;83;Ikwo;284400;;2;0;0,7
NG011007;84;Ikwo;284400;;2;0;0,7
NG011007;85;Ikwo;284400;;2;0;0,7
NG011007;86;Ikwo;284400;;2;0;0,7
NG011007;87;Ikwo;284400;;2;0;0,7
NG011007;88;Ikwo;284400;;2;0;0,7
NG011007;89;Ikwo;284400;;2;0;0,7
NG011007;90;Ikwo;284400;;2;0;0,7
NG011007;91;Ikwo;284400;;2;0;0,7
NG011007;92;Ikwo;284400;;2;0;0,7
NG011007;93;Ikwo;284400;;2;0;0,7
NG011007;94;Ikwo;284400;;2;0;0,7
NG011007;95;Ikwo;284400;;2;0;0,7
NG011007;96;Ikwo;284400;;2;0;0,7
NG011007;97;Ikwo;284400;;2;0;0,7
NG011007;98;Ikwo;284400;;2;0;0,7
NG011007;99;Ikwo;284400;;2;0;0,7
NG011007;100;Ikwo;284400;;2;0;0,7
NG011007;101;Ikwo;284400;;2;0;0,7
NG011007;102;Ikwo;284400;;2;0;0,7
NG011007;103;Ikwo;284400;;2;0;0,7
NG011007;104;Ikwo;284400;;2;0;0,7
NG011008;1;Ishielu;201900;0;0;0;0
NG011008;2;Ishielu;201900;0;0;0;0
NG011008;3;Ishielu;201900;0;0;0;0
NG011008;4;Ishielu;201900;0;0;0;0
NG011008;5;Ishielu;201900;0;0;0;0
NG011008;6;Ishielu;201900;0;0;0;0
NG011008;7;Ishielu;201900;0;0;0;0
NG011008;8;Ishielu;201900;0;0;0;0
NG011008;9;Ishielu;201900;0;0;0;0
NG011008;10;Ishielu;201900;0;0;0;0
NG011008;11;Ishielu;201900;0;0;0;0
NG011008;12;Ishielu;201900;0;0;0;0
NG011008;13;Ishielu;201900;0;0;0;0
NG011008;14;Ishielu;201900;0;0;0;0
NG011008;15;Ishielu;201900;0;0;0;0
NG011008;16;Ishielu;201900;0;0;0;0
NG011008;17;Ishielu;201900;0;0;0;0
NG011008;18;Ishielu;201900;0;0;0;0
NG011008;19;Ishielu;201900;0;0;0;0
NG011008;20;Ishielu;201900;0;0;0;0
NG011008;21;Ishielu;201900;0;0;0;0
NG011008;22;Ishielu;201900;0;0;0;0
NG011008;23;Ishielu;201900;0;0;0;0
NG011008;24;Ishielu;201900;0;0;0;0
NG011008;25;Ishielu;201900;0;0;0;0
NG011008;26;Ishielu;201900;0;0;0;0
NG011008;27;Ishielu;201900;0;0;0;0
NG011008;28;Ishielu;201900;0;0;0;0
NG011008;29;Ishielu;201900;0;0;0;0
NG011008;30;Ishielu;201900;0;0;0;0
NG011008;31;Ishielu;201900;0;0;0;0
NG011008;32;Ishielu;201900;;0;0;0
NG011008;33;Ishielu;201900;;0;0;0
NG011008;34;Ishielu;201900;;0;0;0
NG011008;35;Ishielu;201900;;0;0;0
NG011008;36;Ishielu;201900;;0;0;0
NG011008;37;Ishielu;201900;;0;0;0
NG011008;38;Ishielu;201900;;0;0;0
NG011008;39;Ishielu;201900;;0;0;0
NG011008;40;Ishielu;201900;;0;0;0
NG011008;41;Ishielu;201900;;0;0;0
NG011008;42;Ishielu;201900;;0;0;0
NG011008;43;Ishielu;201900;;0;0;0
NG011008;44;Ishielu;201900;;0;0;0
NG011008;45;Ishielu;201900;;0;0;0
NG011008;46;Ishielu;201900;;0;0;0
NG011008;47;Ishielu;201900;;0;0;0
NG011008;48;Ishielu;201900;;0;0;0
NG011008;49;Ishielu;201900;;0;0;0
NG011008;50;Ishielu;201900;;0;0;0
NG011008;51;Ishielu;201900;;0;0;0
NG011008;52;Ishielu;201900;;0;0;0
NG011008;53;Ishielu;201900;;0;0;0
NG011008;54;Ishielu;201900;;0;0;0
NG011008;55;Ishielu;201900;;0;0;0
NG011008;56;Ishielu;201900;;0;0;0
NG011008;57;Ishielu;201900;;0;0;0
NG011008;58;Ishielu;201900;;0;0;0
NG011008;59;Ishielu;201900;;0;0;0
NG011008;60;Ishielu;201900;;0;0;0
NG011008;61;Ishielu;201900;;0;0;0
NG011008;62;Ishielu;201900;;0;0;0
NG011008;63;Ishielu;201900;;0;0;0
NG011008;64;Ishielu;201900;;0;0;0
NG011008;65;Ishielu;201900;;0;0;0
NG011008;66;Ishielu;201900;;0;0;0
NG011008;67;Ishielu;201900;;0;0;0
NG011008;68;Ishielu;201900;;0;0;0
NG011008;69;Ishielu;201900;;0;0;0
NG011008;70;Ishielu;201900;;0;0;0
NG011008;71;Ishielu;201900;;0;0;0
NG011008;72;Ishielu;201900;;0;0;0
NG011008;73;Ishielu;201900;;0;0;0
NG011008;74;Ishielu;201900;;0;0;0
NG011008;75;Ishielu;201900;;0;0;0
NG011008;76;Ishielu;201900;;0;0;0
NG011008;77;Ishielu;201900;;0;0;0
NG011008;78;Ishielu;201900;;0;0;0
NG011008;79;Ishielu;201900;;0;0;0
NG011008;80;Ishielu;201900;;0;0;0
NG011008;81;Ishielu;201900;;0;0;0
NG011008;82;Ishielu;201900;;0;0;0
NG011008;83;Ishielu;201900;;0;0;0
NG011008;84;Ishielu;201900;;0;0;0
NG011008;85;Ishielu;201900;;0;0;0
NG011008;86;Ishielu;201900;;0;0;0
NG011008;87;Ishielu;201900;;0;0;0
NG011008;88;Ishielu;201900;;0;0;0
NG011008;89;Ishielu;201900;;0;0;0
NG011008;90;Ishielu;201900;;0;0;0
NG011008;91;Ishielu;201900;;0;0;0
NG011008;92;Ishielu;201900;;0;0;0
NG011008;93;Ishielu;201900;;0;0;0
NG011008;94;Ishielu;201900;;0;0;0
NG011008;95;Ishielu;201900;;0;0;0
NG011008;96;Ishielu;201900;;0;0;0
NG011008;97;Ishielu;201900;;0;0;0
NG011008;98;Ishielu;201900;;0;0;0
NG011008;99;Ishielu;201900;;0;0;0
NG011008;100;Ishielu;201900;;0;0;0
NG011008;101;Ishielu;201900;;0;0;0
NG011008;102;Ishielu;201900;;0;0;0
NG011008;103;Ishielu;201900;;0;0;0
NG011008;104;Ishielu;201900;;0;0;0
NG011009;1;Ivo;160600;0;0;0;0
NG011009;2;Ivo;160600;0;0;0;0
NG011009;3;Ivo;160600;0;0;0;0
NG011009;4;Ivo;160600;0;0;0;0
NG011009;5;Ivo;160600;0;0;0;0
NG011009;6;Ivo;160600;0;0;0;0
NG011009;7;Ivo;160600;0;0;0;0
NG011009;8;Ivo;160600;0;0;0;0
NG011009;9;Ivo;160600;0;0;0;0
NG011009;10;Ivo;160600;0;0;0;0
NG011009;11;Ivo;160600;0;0;0;0
NG011009;12;Ivo;160600;0;0;0;0
NG011009;13;Ivo;160600;0;0;0;0
NG011009;14;Ivo;160600;0;0;0;0
NG011009;15;Ivo;160600;0;0;0;0
NG011009;16;Ivo;160600;0;0;0;0
NG011009;17;Ivo;160600;0;0;0;0
NG011009;18;Ivo;160600;0;0;0;0
NG011009;19;Ivo;160600;0;0;0;0
NG011009;20;Ivo;160600;0;0;0;0
NG011009;21;Ivo;160600;0;0;0;0
NG011009;22;Ivo;160600;0;0;0;0
NG011009;23;Ivo;160600;0;0;0;0
NG011009;24;Ivo;160600;0;0;0;0
NG011009;25;Ivo;160600;0;0;0;0
NG011009;26;Ivo;160600;0;0;0;0
NG011009;27;Ivo;160600;0;0;0;0
NG011009;28;Ivo;160600;0;0;0;0
NG011009;29;Ivo;160600;0;0;0;0
NG011009;30;Ivo;160600;0;0;0;0
NG011009;31;Ivo;160600;0;0;0;0
NG011009;32;Ivo;160600;;0;0;0
NG011009;33;Ivo;160600;;0;0;0
NG011009;34;Ivo;160600;;0;0;0
NG011009;35;Ivo;160600;;0;0;0
NG011009;36;Ivo;160600;;0;0;0
NG011009;37;Ivo;160600;;0;0;0
NG011009;38;Ivo;160600;;0;0;0
NG011009;39;Ivo;160600;;0;0;0
NG011009;40;Ivo;160600;;0;0;0
NG011009;41;Ivo;160600;;0;0;0
NG011009;42;Ivo;160600;;0;0;0
NG011009;43;Ivo;160600;;0;0;0
NG011009;44;Ivo;160600;;0;0;0
NG011009;45;Ivo;160600;;0;0;0
NG011009;46;Ivo;160600;;0;0;0
NG011009;47;Ivo;160600;;0;0;0
NG011009;48;Ivo;160600;;0;0;0
NG011009;49;Ivo;160600;;0;0;0
NG011009;50;Ivo;160600;;0;0;0
NG011009;51;Ivo;160600;;0;0;0
NG011009;52;Ivo;160600;;0;0;0
NG011009;53;Ivo;160600;;0;0;0
NG011009;54;Ivo;160600;;0;0;0
NG011009;55;Ivo;160600;;0;0;0
NG011009;56;Ivo;160600;;0;0;0
NG011009;57;Ivo;160600;;0;0;0
NG011009;58;Ivo;160600;;0;0;0
NG011009;59;Ivo;160600;;0;0;0
NG011009;60;Ivo;160600;;0;0;0
NG011009;61;Ivo;160600;;0;0;0
NG011009;62;Ivo;160600;;0;0;0
NG011009;63;Ivo;160600;;0;0;0
NG011009;64;Ivo;160600;;0;0;0
NG011009;65;Ivo;160600;;0;0;0
NG011009;66;Ivo;160600;;0;0;0
NG011009;67;Ivo;160600;;0;0;0
NG011009;68;Ivo;160600;;0;0;0
NG011009;69;Ivo;160600;;0;0;0
NG011009;70;Ivo;160600;;0;0;0
NG011009;71;Ivo;160600;;0;0;0
NG011009;72;Ivo;160600;;0;0;0
NG011009;73;Ivo;160600;;0;0;0
NG011009;74;Ivo;160600;;0;0;0
NG011009;75;Ivo;160600;;0;0;0
NG011009;76;Ivo;160600;;0;0;0
NG011009;77;Ivo;160600;;0;0;0
NG011009;78;Ivo;160600;;0;0;0
NG011009;79;Ivo;160600;;0;0;0
NG011009;80;Ivo;160600;;0;0;0
NG011009;81;Ivo;160600;;0;0;0
NG011009;82;Ivo;160600;;0;0;0
NG011009;83;Ivo;160600;;0;0;0
NG011009;84;Ivo;160600;;0;0;0
NG011009;85;Ivo;160600;;0;0;0
NG011009;86;Ivo;160600;;0;0;0
NG011009;87;Ivo;160600;;0;0;0
NG011009;88;Ivo;160600;;0;0;0
NG011009;89;Ivo;160600;;0;0;0
NG011009;90;Ivo;160600;;0;0;0
NG011009;91;Ivo;160600;;0;0;0
NG011009;92;Ivo;160600;;0;0;0
NG011009;93;Ivo;160600;;0;0;0
NG011009;94;Ivo;160600;;0;0;0
NG011009;95;Ivo;160600;;0;0;0
NG011009;96;Ivo;160600;;0;0;0
NG011009;97;Ivo;160600;;0;0;0
NG011009;98;Ivo;160600;;0;0;0
NG011009;99;Ivo;160600;;0;0;0
NG011009;100;Ivo;160600;;0;0;0
NG011009;101;Ivo;160600;;0;0;0
NG011009;102;Ivo;160600;;0;0;0
NG011009;103;Ivo;160600;;0;0;0
NG011009;104;Ivo;160600;;0;0;0
NG011010;1;Izzi;313200;0;0;0;0
NG011010;2;Izzi;313200;0;0;0;0
NG011010;3;Izzi;313200;0;0;0;0
NG011010;4;Izzi;313200;0;0;0;0
NG011010;5;Izzi;313200;0;0;0;0
NG011010;6;Izzi;313200;0;0;0;0
NG011010;7;Izzi;313200;0;0;0;0
NG011010;8;Izzi;313200;0;0;0;0
NG011010;9;Izzi;313200;0;0;0;0
NG011010;10;Izzi;313200;0;0;0;0
NG011010;11;Izzi;313200;0;0;0;0
NG011010;12;Izzi;313200;0;0;0;0
NG011010;13;Izzi;313200;0;0;0;0
NG011010;14;Izzi;313200;0;0;0;0
NG011010;15;Izzi;313200;0;0;0;0
NG011010;16;Izzi;313200;0;0;0;0
NG011010;17;Izzi;313200;0;0;0;0
NG011010;18;Izzi;313200;0;0;0;0
NG011010;19;Izzi;313200;0;0;0;0
NG011010;20;Izzi;313200;0;0;0;0
NG011010;21;Izzi;313200;0;0;0;0
NG011010;22;Izzi;313200;0;0;0;0
NG011010;23;Izzi;313200;0;0;0;0
NG011010;24;Izzi;313200;0;0;0;0
NG011010;25;Izzi;313200;0;0;0;0
NG011010;26;Izzi;313200;0;0;0;0
NG011010;27;Izzi;313200;0;0;0;0
NG011010;28;Izzi;313200;0;0;0;0
NG011010;29;Izzi;313200;0;0;0;0
NG011010;30;Izzi;313200;0;0;0;0
NG011010;31;Izzi;313200;0;0;0;0
NG011010;32;Izzi;313200;;0;0;0
NG011010;33;Izzi;313200;;0;0;0
NG011010;34;Izzi;313200;;0;0;0
NG011010;35;Izzi;313200;;0;0;0
NG011010;36;Izzi;313200;;0;0;0
NG011010;37;Izzi;313200;;0;0;0
NG011010;38;Izzi;313200;;0;0;0
NG011010;39;Izzi;313200;;0;0;0
NG011010;40;Izzi;313200;;0;0;0
NG011010;41;Izzi;313200;;0;0;0
NG011010;42;Izzi;313200;;0;0;0
NG011010;43;Izzi;313200;;0;0;0
NG011010;44;Izzi;313200;;0;0;0
NG011010;45;Izzi;313200;;0;0;0
NG011010;46;Izzi;313200;;0;0;0
NG011010;47;Izzi;313200;;0;0;0
NG011010;48;Izzi;313200;;0;0;0
NG011010;49;Izzi;313200;;0;0;0
NG011010;50;Izzi;313200;;0;0;0
NG011010;51;Izzi;313200;;0;0;0
NG011010;52;Izzi;313200;;0;0;0
NG011010;53;Izzi;313200;;0;0;0
NG011010;54;Izzi;313200;;0;0;0
NG011010;55;Izzi;313200;;0;0;0
NG011010;56;Izzi;313200;;0;0;0
NG011010;57;Izzi;313200;;0;0;0
NG011010;58;Izzi;313200;;0;0;0
NG011010;59;Izzi;313200;;0;0;0
NG011010;60;Izzi;313200;;0;0;0
NG011010;61;Izzi;313200;;0;0;0
NG011010;62;Izzi;313200;;0;0;0
NG011010;63;Izzi;313200;;0;0;0
NG011010;64;Izzi;313200;;0;0;0
NG011010;65;Izzi;313200;;0;0;0
NG011010;66;Izzi;313200;;0;0;0
NG011010;67;Izzi;313200;;0;0;0
NG011010;68;Izzi;313200;;0;0;0
NG011010;69;Izzi;313200;;0;0;0
NG011010;70;Izzi;313200;;0;0;0
NG011010;71;Izzi;313200;;0;0;0
NG011010;72;Izzi;313200;;0;0;0
NG011010;73;Izzi;313200;;0;0;0
NG011010;74;Izzi;313200;;0;0;0
NG011010;75;Izzi;313200;;0;0;0
NG011010;76;Izzi;313200;;0;0;0
NG011010;77;Izzi;313200;;0;0;0
NG011010;78;Izzi;313200;;0;0;0
NG011010;79;Izzi;313200;;0;0;0
NG011010;80;Izzi;313200;;0;0;0
NG011010;81;Izzi;313200;;0;0;0
NG011010;82;Izzi;313200;;0;0;0
NG011010;83;Izzi;313200;;0;0;0
NG011010;84;Izzi;313200;;0;0;0
NG011010;85;Izzi;313200;;0;0;0
NG011010;86;Izzi;313200;;0;0;0
NG011010;87;Izzi;313200;;0;0;0
NG011010;88;Izzi;313200;;0;0;0
NG011010;89;Izzi;313200;;0;0;0
NG011010;90;Izzi;313200;;0;0;0
NG011010;91;Izzi;313200;;0;0;0
NG011010;92;Izzi;313200;;0;0;0
NG011010;93;Izzi;313200;;0;0;0
NG011010;94;Izzi;313200;;0;0;0
NG011010;95;Izzi;313200;;0;0;0
NG011010;96;Izzi;313200;;0;0;0
NG011010;97;Izzi;313200;;0;0;0
NG011010;98;Izzi;313200;;0;0;0
NG011010;99;Izzi;313200;;0;0;0
NG011010;100;Izzi;313200;;0;0;0
NG011010;101;Izzi;313200;;0;0;0
NG011010;102;Izzi;313200;;0;0;0
NG011010;103;Izzi;313200;;0;0;0
NG011010;104;Izzi;313200;;0;0;0
NG011011;1; Ohaozora;196200;0;0;0;0
NG011011;2; Ohaozora;196200;0;0;0;0
NG011011;3; Ohaozora;196200;0;0;0;0
NG011011;4; Ohaozora;196200;0;0;0;0
NG011011;5; Ohaozora;196200;0;0;0;0
NG011011;6; Ohaozora;196200;0;0;0;0
NG011011;7; Ohaozora;196200;0;0;0;0
NG011011;8; Ohaozora;196200;0;0;0;0
NG011011;9; Ohaozora;196200;0;0;0;0
NG011011;10; Ohaozora;196200;0;0;0;0
NG011011;11; Ohaozora;196200;0;0;0;0
NG011011;12; Ohaozora;196200;0;0;0;0
NG011011;13; Ohaozora;196200;0;0;0;0
NG011011;14; Ohaozora;196200;0;0;0;0
NG011011;15; Ohaozora;196200;0;0;0;0
NG011011;16; Ohaozora;196200;0;0;0;0
NG011011;17; Ohaozora;196200;0;0;0;0
NG011011;18; Ohaozora;196200;0;0;0;0
NG011011;19; Ohaozora;196200;0;0;0;0
NG011011;20; Ohaozora;196200;0;0;0;0
NG011011;21; Ohaozora;196200;0;0;0;0
NG011011;22; Ohaozora;196200;0;0;0;0
NG011011;23; Ohaozora;196200;0;0;0;0
NG011011;24; Ohaozora;196200;0;0;0;0
NG011011;25; Ohaozora;196200;0;0;0;0
NG011011;26; Ohaozora;196200;0;0;0;0
NG011011;27; Ohaozora;196200;0;0;0;0
NG011011;28; Ohaozora;196200;0;0;0;0
NG011011;29; Ohaozora;196200;0;0;0;0
NG011011;30; Ohaozora;196200;0;0;0;0
NG011011;31; Ohaozora;196200;0;0;0;0
NG011011;32; Ohaozora;196200;;0;0;0
NG011011;33; Ohaozora;196200;;0;0;0
NG011011;34; Ohaozora;196200;;0;0;0
NG011011;35; Ohaozora;196200;;0;0;0
NG011011;36; Ohaozora;196200;;0;0;0
NG011011;37; Ohaozora;196200;;0;0;0
NG011011;38; Ohaozora;196200;;0;0;0
NG011011;39; Ohaozora;196200;;0;0;0
NG011011;40; Ohaozora;196200;;0;0;0
NG011011;41; Ohaozora;196200;;0;0;0
NG011011;42; Ohaozora;196200;;0;0;0
NG011011;43; Ohaozora;196200;;0;0;0
NG011011;44; Ohaozora;196200;;0;0;0
NG011011;45; Ohaozora;196200;;0;0;0
NG011011;46; Ohaozora;196200;;0;0;0
NG011011;47; Ohaozora;196200;;0;0;0
NG011011;48; Ohaozora;196200;;0;0;0
NG011011;49; Ohaozora;196200;;0;0;0
NG011011;50; Ohaozora;196200;;0;0;0
NG011011;51; Ohaozora;196200;;0;0;0
NG011011;52; Ohaozora;196200;;0;0;0
NG011011;53; Ohaozora;196200;;0;0;0
NG011011;54; Ohaozora;196200;;0;0;0
NG011011;55; Ohaozora;196200;;0;0;0
NG011011;56; Ohaozora;196200;;0;0;0
NG011011;57; Ohaozora;196200;;0;0;0
NG011011;58; Ohaozora;196200;;0;0;0
NG011011;59; Ohaozora;196200;;0;0;0
NG011011;60; Ohaozora;196200;;0;0;0
NG011011;61; Ohaozora;196200;;0;0;0
NG011011;62; Ohaozora;196200;;0;0;0
NG011011;63; Ohaozora;196200;;0;0;0
NG011011;64; Ohaozora;196200;;0;0;0
NG011011;65; Ohaozora;196200;;0;0;0
NG011011;66; Ohaozora;196200;;0;0;0
NG011011;67; Ohaozora;196200;;0;0;0
NG011011;68; Ohaozora;196200;;0;0;0
NG011011;69; Ohaozora;196200;;0;0;0
NG011011;70; Ohaozora;196200;;0;0;0
NG011011;71; Ohaozora;196200;;0;0;0
NG011011;72; Ohaozora;196200;;0;0;0
NG011011;73; Ohaozora;196200;;0;0;0
NG011011;74; Ohaozora;196200;;0;0;0
NG011011;75; Ohaozora;196200;;0;0;0
NG011011;76; Ohaozora;196200;;0;0;0
NG011011;77; Ohaozora;196200;;0;0;0
NG011011;78; Ohaozora;196200;;0;0;0
NG011011;79; Ohaozora;196200;;0;0;0
NG011011;80; Ohaozora;196200;;0;0;0
NG011011;81; Ohaozora;196200;;0;0;0
NG011011;82; Ohaozora;196200;;0;0;0
NG011011;83; Ohaozora;196200;;0;0;0
NG011011;84; Ohaozora;196200;;0;0;0
NG011011;85; Ohaozora;196200;;0;0;0
NG011011;86; Ohaozora;196200;;0;0;0
NG011011;87; Ohaozora;196200;;0;0;0
NG011011;88; Ohaozora;196200;;0;0;0
NG011011;89; Ohaozora;196200;;0;0;0
NG011011;90; Ohaozora;196200;;0;0;0
NG011011;91; Ohaozora;196200;;0;0;0
NG011011;92; Ohaozora;196200;;0;0;0
NG011011;93; Ohaozora;196200;;0;0;0
NG011011;94; Ohaozora;196200;;0;0;0
NG011011;95; Ohaozora;196200;;0;0;0
NG011011;96; Ohaozora;196200;;0;0;0
NG011011;97; Ohaozora;196200;;0;0;0
NG011011;98; Ohaozora;196200;;0;0;0
NG011011;99; Ohaozora;196200;;0;0;0
NG011011;100; Ohaozora;196200;;0;0;0
NG011011;101; Ohaozora;196200;;0;0;0
NG011011;102; Ohaozora;196200;;0;0;0
NG011011;103; Ohaozora;196200;;0;0;0
NG011011;104; Ohaozora;196200;;0;0;0
NG011012;1;Ohaukwu;258700;0;0;0;0
NG011012;2;Ohaukwu;258700;0;0;0;0
NG011012;3;Ohaukwu;258700;0;0;0;0
NG011012;4;Ohaukwu;258700;0;0;0;0
NG011012;5;Ohaukwu;258700;0;0;0;0
NG011012;6;Ohaukwu;258700;0;0;0;0
NG011012;7;Ohaukwu;258700;0;0;0;0
NG011012;8;Ohaukwu;258700;0;0;0;0
NG011012;9;Ohaukwu;258700;0;0;0;0
NG011012;10;Ohaukwu;258700;0;0;0;0
NG011012;11;Ohaukwu;258700;0;0;0;0
NG011012;12;Ohaukwu;258700;0;0;0;0
NG011012;13;Ohaukwu;258700;0;0;0;0
NG011012;14;Ohaukwu;258700;0;0;0;0
NG011012;15;Ohaukwu;258700;0;0;0;0
NG011012;16;Ohaukwu;258700;0;0;0;0
NG011012;17;Ohaukwu;258700;0;0;0;0
NG011012;18;Ohaukwu;258700;0;0;0;0
NG011012;19;Ohaukwu;258700;0;0;0;0
NG011012;20;Ohaukwu;258700;0;0;0;0
NG011012;21;Ohaukwu;258700;0;0;0;0
NG011012;22;Ohaukwu;258700;0;0;0;0
NG011012;23;Ohaukwu;258700;0;0;0;0
NG011012;24;Ohaukwu;258700;0;0;0;0
NG011012;25;Ohaukwu;258700;0;0;0;0
NG011012;26;Ohaukwu;258700;0;0;0;0
NG011012;27;Ohaukwu;258700;0;0;0;0
NG011012;28;Ohaukwu;258700;0;0;0;0
NG011012;29;Ohaukwu;258700;0;0;0;0
NG011012;30;Ohaukwu;258700;0;0;0;0
NG011012;31;Ohaukwu;258700;0;0;0;0
NG011012;32;Ohaukwu;258700;;0;0;0
NG011012;33;Ohaukwu;258700;;0;0;0
NG011012;34;Ohaukwu;258700;;0;0;0
NG011012;35;Ohaukwu;258700;;0;0;0
NG011012;36;Ohaukwu;258700;;0;0;0
NG011012;37;Ohaukwu;258700;;0;0;0
NG011012;38;Ohaukwu;258700;;0;0;0
NG011012;39;Ohaukwu;258700;;0;0;0
NG011012;40;Ohaukwu;258700;;0;0;0
NG011012;41;Ohaukwu;258700;;0;0;0
NG011012;42;Ohaukwu;258700;;0;0;0
NG011012;43;Ohaukwu;258700;;0;0;0
NG011012;44;Ohaukwu;258700;;0;0;0
NG011012;45;Ohaukwu;258700;;0;0;0
NG011012;46;Ohaukwu;258700;;0;0;0
NG011012;47;Ohaukwu;258700;;0;0;0
NG011012;48;Ohaukwu;258700;;0;0;0
NG011012;49;Ohaukwu;258700;;0;0;0
NG011012;50;Ohaukwu;258700;;0;0;0
NG011012;51;Ohaukwu;258700;;0;0;0
NG011012;52;Ohaukwu;258700;;0;0;0
NG011012;53;Ohaukwu;258700;;0;0;0
NG011012;54;Ohaukwu;258700;;0;0;0
NG011012;55;Ohaukwu;258700;;0;0;0
NG011012;56;Ohaukwu;258700;;0;0;0
NG011012;57;Ohaukwu;258700;;0;0;0
NG011012;58;Ohaukwu;258700;;0;0;0
NG011012;59;Ohaukwu;258700;;0;0;0
NG011012;60;Ohaukwu;258700;;0;0;0
NG011012;61;Ohaukwu;258700;;0;0;0
NG011012;62;Ohaukwu;258700;;0;0;0
NG011012;63;Ohaukwu;258700;;0;0;0
NG011012;64;Ohaukwu;258700;;0;0;0
NG011012;65;Ohaukwu;258700;;0;0;0
NG011012;66;Ohaukwu;258700;;0;0;0
NG011012;67;Ohaukwu;258700;;0;0;0
NG011012;68;Ohaukwu;258700;;0;0;0
NG011012;69;Ohaukwu;258700;;0;0;0
NG011012;70;Ohaukwu;258700;;0;0;0
NG011012;71;Ohaukwu;258700;;0;0;0
NG011012;72;Ohaukwu;258700;;0;0;0
NG011012;73;Ohaukwu;258700;;0;0;0
NG011012;74;Ohaukwu;258700;;0;0;0
NG011012;75;Ohaukwu;258700;;0;0;0
NG011012;76;Ohaukwu;258700;;0;0;0
NG011012;77;Ohaukwu;258700;;0;0;0
NG011012;78;Ohaukwu;258700;;0;0;0
NG011012;79;Ohaukwu;258700;;0;0;0
NG011012;80;Ohaukwu;258700;;0;0;0
NG011012;81;Ohaukwu;258700;;0;0;0
NG011012;82;Ohaukwu;258700;;0;0;0
NG011012;83;Ohaukwu;258700;;0;0;0
NG011012;84;Ohaukwu;258700;;0;0;0
NG011012;85;Ohaukwu;258700;;0;0;0
NG011012;86;Ohaukwu;258700;;0;0;0
NG011012;87;Ohaukwu;258700;;0;0;0
NG011012;88;Ohaukwu;258700;;0;0;0
NG011012;89;Ohaukwu;258700;;0;0;0
NG011012;90;Ohaukwu;258700;;0;0;0
NG011012;91;Ohaukwu;258700;;0;0;0
NG011012;92;Ohaukwu;258700;;0;0;0
NG011012;93;Ohaukwu;258700;;0;0;0
NG011012;94;Ohaukwu;258700;;0;0;0
NG011012;95;Ohaukwu;258700;;0;0;0
NG011012;96;Ohaukwu;258700;;0;0;0
NG011012;97;Ohaukwu;258700;;0;0;0
NG011012;98;Ohaukwu;258700;;0;0;0
NG011012;99;Ohaukwu;258700;;0;0;0
NG011012;100;Ohaukwu;258700;;0;0;0
NG011012;101;Ohaukwu;258700;;0;0;0
NG011012;102;Ohaukwu;258700;;0;0;0
NG011012;103;Ohaukwu;258700;;0;0;0
NG011012;104;Ohaukwu;258700;;0;0;0
NG011013;1;Onicha;313100;0;0;0;0
NG011013;2;Onicha;313100;0;0;0;0
NG011013;3;Onicha;313100;0;0;0;0
NG011013;4;Onicha;313100;0;0;0;0
NG011013;5;Onicha;313100;0;0;0;0
NG011013;6;Onicha;313100;0;0;0;0
NG011013;7;Onicha;313100;0;0;0;0
NG011013;8;Onicha;313100;0;0;0;0
NG011013;9;Onicha;313100;0;0;0;0
NG011013;10;Onicha;313100;0;0;0;0
NG011013;11;Onicha;313100;0;0;0;0
NG011013;12;Onicha;313100;0;0;0;0
NG011013;13;Onicha;313100;0;0;0;0
NG011013;14;Onicha;313100;0;0;0;0
NG011013;15;Onicha;313100;0;0;0;0
NG011013;16;Onicha;313100;0;0;0;0
NG011013;17;Onicha;313100;0;0;0;0
NG011013;18;Onicha;313100;0;0;0;0
NG011013;19;Onicha;313100;0;0;0;0
NG011013;20;Onicha;313100;0;0;0;0
NG011013;21;Onicha;313100;0;0;0;0
NG011013;22;Onicha;313100;0;0;0;0
NG011013;23;Onicha;313100;0;0;0;0
NG011013;24;Onicha;313100;0;0;0;0
NG011013;25;Onicha;313100;0;0;0;0
NG011013;26;Onicha;313100;0;0;0;0
NG011013;27;Onicha;313100;0;0;0;0
NG011013;28;Onicha;313100;0;0;0;0
NG011013;29;Onicha;313100;0;0;0;0
NG011013;30;Onicha;313100;0;0;0;0
NG011013;31;Onicha;313100;0;0;0;0
NG011013;32;Onicha;313100;;0;0;0
NG011013;33;Onicha;313100;;0;0;0
NG011013;34;Onicha;313100;;0;0;0
NG011013;35;Onicha;313100;;0;0;0
NG011013;36;Onicha;313100;;0;0;0
NG011013;37;Onicha;313100;;0;0;0
NG011013;38;Onicha;313100;;0;0;0
NG011013;39;Onicha;313100;;0;0;0
NG011013;40;Onicha;313100;;0;0;0
NG011013;41;Onicha;313100;;0;0;0
NG011013;42;Onicha;313100;;0;0;0
NG011013;43;Onicha;313100;;0;0;0
NG011013;44;Onicha;313100;;0;0;0
NG011013;45;Onicha;313100;;0;0;0
NG011013;46;Onicha;313100;;0;0;0
NG011013;47;Onicha;313100;;0;0;0
NG011013;48;Onicha;313100;;0;0;0
NG011013;49;Onicha;313100;;0;0;0
NG011013;50;Onicha;313100;;0;0;0
NG011013;51;Onicha;313100;;0;0;0
NG011013;52;Onicha;313100;;0;0;0
NG011013;53;Onicha;313100;;0;0;0
NG011013;54;Onicha;313100;;0;0;0
NG011013;55;Onicha;313100;;0;0;0
NG011013;56;Onicha;313100;;0;0;0
NG011013;57;Onicha;313100;;0;0;0
NG011013;58;Onicha;313100;;0;0;0
NG011013;59;Onicha;313100;;0;0;0
NG011013;60;Onicha;313100;;0;0;0
NG011013;61;Onicha;313100;;0;0;0
NG011013;62;Onicha;313100;;0;0;0
NG011013;63;Onicha;313100;;0;0;0
NG011013;64;Onicha;313100;;0;0;0
NG011013;65;Onicha;313100;;0;0;0
NG011013;66;Onicha;313100;;0;0;0
NG011013;67;Onicha;313100;;0;0;0
NG011013;68;Onicha;313100;;0;0;0
NG011013;69;Onicha;313100;;0;0;0
NG011013;70;Onicha;313100;;0;0;0
NG011013;71;Onicha;313100;;0;0;0
NG011013;72;Onicha;313100;;0;0;0
NG011013;73;Onicha;313100;;0;0;0
NG011013;74;Onicha;313100;;0;0;0
NG011013;75;Onicha;313100;;0;0;0
NG011013;76;Onicha;313100;;0;0;0
NG011013;77;Onicha;313100;;0;0;0
NG011013;78;Onicha;313100;;0;0;0
NG011013;79;Onicha;313100;;0;0;0
NG011013;80;Onicha;313100;;0;0;0
NG011013;81;Onicha;313100;;0;0;0
NG011013;82;Onicha;313100;;0;0;0
NG011013;83;Onicha;313100;;0;0;0
NG011013;84;Onicha;313100;;0;0;0
NG011013;85;Onicha;313100;;0;0;0
NG011013;86;Onicha;313100;;0;0;0
NG011013;87;Onicha;313100;;0;0;0
NG011013;88;Onicha;313100;;0;0;0
NG011013;89;Onicha;313100;;0;0;0
NG011013;90;Onicha;313100;;0;0;0
NG011013;91;Onicha;313100;;0;0;0
NG011013;92;Onicha;313100;;0;0;0
NG011013;93;Onicha;313100;;0;0;0
NG011013;94;Onicha;313100;;0;0;0
NG011013;95;Onicha;313100;;0;0;0
NG011013;96;Onicha;313100;;0;0;0
NG011013;97;Onicha;313100;;0;0;0
NG011013;98;Onicha;313100;;0;0;0
NG011013;99;Onicha;313100;;0;0;0
NG011013;100;Onicha;313100;;0;0;0
NG011013;101;Onicha;313100;;0;0;0
NG011013;102;Onicha;313100;;0;0;0
NG011013;103;Onicha;313100;;0;0;0
NG011013;104;Onicha;313100;;0;0;0
